RegionID,CentroidX,CentroidY,CentroidZ,Volume
1,366.77,356.11,174.02,1550
2,443.17,203.46,102.24,6114
4,384.35,140.42,226.27,269754
7,427.32,311.1,225.04,70231
8,423.93,224.45,166.63,24999794
9,431.71,115,152.04,55887
10,371.38,156.12,196.81,161452
12,332.07,279.54,188.18,2007
15,342.79,259.57,133.1,7917
16,480.71,312.65,143.09,388166
17,372.34,155.48,204.21,40685
19,331.88,168.97,122.26,2873
20,559.23,288.53,174.33,2947
21,350.31,257.49,120.58,1169
22,453.28,90.18,176.72,207996
23,440.63,356.75,133,33509
26,361.82,164.69,205.16,102781
27,447.82,217.22,174.55,4807
28,517.68,247.82,202.29,64948
30,328.27,351.71,136.32,1316
31,341.69,133.74,115.47,263656
33,450.64,110.57,200.29,57309
35,333.65,220.3,201.83,2582
36,523.42,254.61,105.35,19524
38,336.56,314.48,135.45,15523
39,343.65,124.3,107.79,127511
41,411.11,88.92,215.46,22868
42,350.57,164.29,205.18,4861
44,351.23,218.59,88,98739
45,415.15,303.9,239.49,4441
47,340,315.82,139.72,1829
48,339.88,142.59,122.67,136145
50,341.44,198.92,172.78,3619
51,350.5,240.63,158.5,76653
52,537.39,265.36,200.88,63140
53,407.34,311.13,245.56,2897
55,339.96,309.55,130.59,6481
56,390.23,320.41,100.34,244104
58,367.1,206.82,197.32,1082192
59,329.07,234.64,158.45,10614
60,526.13,276.49,180.55,8164
61,418.28,313.04,245.58,3646
62,350.31,257.49,120.58,1169
63,352,312.29,145.3,2807
64,366.22,217.43,138.06,9488
66,434.96,261.15,180.29,532
67,341.38,234.93,185.22,1952
68,383.36,172.38,60.7,34455
69,423.54,334.05,242.66,18030
71,340,315.82,139.72,1829
72,342.1,316.27,116.65,1937
74,492.77,143.4,204.8,8670
75,367.1,206.82,197.32,1082192
76,370.97,329.63,251.6,762162
77,404.19,303.25,250.56,2053
79,338,322.75,138.65,513
80,343.15,344.67,134.82,116240
82,416.6,222.88,218.32,10769
83,349.2,392.8,259.71,32218
84,363.11,181.12,85.12,14653
87,335,318.71,141.19,3948
88,357.1,346.85,139.6,43707
90,421.36,241.35,215.18,2763
91,408.45,223.36,250.42,33921
92,534.72,270.16,199.05,26515
93,350.31,257.49,120.58,1169
94,336.11,314.31,134.88,13694
95,480.21,263.31,100.42,248729
96,442.84,274.44,245.21,29129
97,567.13,199.02,185.6,32527
99,417.1,288.67,209.72,34409
100,335.71,305.38,190.4,19173
101,459.41,308.23,233.02,44389
103,340.76,313.12,140.13,1316
104,457.9,247.13,85.68,122371
105,375.01,377.58,224.79,2574
106,395.87,319.79,237.15,2671
107,395.5,129.4,100.51,1205393
110,328.93,318.42,135.76,3265
111,530.64,283.79,131.23,70473
112,455.08,298.14,241.01,1782
113,419.75,82.6,129.58,50468
114,402,360.84,225.11,4243
115,338.37,223.19,210.68,440
117,350.31,257.49,120.58,1169
118,328.16,344.92,152.87,8872
119,465.4,272.89,93.84,55885
120,543.75,288.77,130.05,19264
121,487.32,149.19,204.97,2787
122,393.24,366.1,217.16,41978
123,417.15,259.31,223.38,8061
125,350.31,257.49,120.58,1169
126,336.72,369.44,168.64,8032
127,360.49,259.36,140.45,22904
128,376.11,233.43,195.51,266298
130,328.91,290.63,207.42,14343
131,505.85,291.64,162.69,32173
132,367.9,190.02,92.45,1372
133,329.2,344.41,126.33,6620
135,385.93,346.38,267.92,18293
136,379.34,331.36,252.91,119176
137,337.11,287.91,209.97,14322
138,396.92,207.59,169.52,109608
139,527.13,262.11,199.63,62821
141,343.15,344.67,134.82,116240
143,392.99,367.12,255.86,4109
144,405.91,374.13,103.2,170976
146,371.1,302.39,210.41,169208
147,367.93,245.11,233.44,2489
148,504.42,248.45,104.29,7848
149,332.32,232.54,143.46,32652
151,385.86,202.75,54.05,49797
152,492.18,333.93,128.47,649553
154,338.02,284.63,249.23,16799
155,396.59,195.04,152.35,45686
156,513.72,161.23,172.49,27760
157,337.94,348.65,146.02,42150
158,350.31,257.49,120.58,1169
159,387.81,286.37,71.12,247882
160,393.62,287.33,69.89,96256
161,338.02,284.63,249.23,16799
162,349.45,236.79,228.29,6321
163,533.6,284.43,130.54,19915
165,332.41,273.49,197,40172
167,397.74,258.81,71.49,16759
168,387.81,286.37,71.12,247882
169,338.13,283.64,248.77,15958
170,434.39,197.59,171.88,32807
171,331.23,159.4,80.82,19385
173,356.53,379.81,140.56,13366
175,394.34,270.16,60.51,17207
177,335.69,303.46,258.08,841
178,450.91,230.53,172.87,22618
179,341.69,133.74,115.47,263656
180,510.89,251.69,103.74,28401
181,336.85,293.17,143.67,35759
183,395.2,273.01,66.34,36563
184,381.63,171.93,60.85,41497
185,354.18,390.84,242.52,4480
186,347.98,198.24,159.31,15836
187,490.67,247.63,102.5,30881
188,385.13,194.2,56.43,8730
189,334.39,272.17,149.34,10137
191,363.42,289.46,77.73,39249
192,446.28,393.56,139.17,14186
193,354.18,390.84,242.52,4480
194,381.15,332.9,151.77,183615
195,333.99,167.2,83.59,8725
196,384.44,211.45,51.64,12775
197,327.28,257.01,190.36,2403
199,380.16,318.28,79.01,35226
200,450.25,380.22,141.64,16394
201,516.85,129.55,139.43,187540
202,363.56,269.51,245.47,56694
203,382.16,336.57,259.48,1835
204,386.65,205.48,55.36,9553
206,327.32,353.61,230.44,10953
207,329.52,282.44,271.63,1445
208,448.42,386.41,140.5,30580
209,396.57,272.28,242.49,24916
210,370.37,343.57,174.56,2743
211,338.59,117.36,106.55,37919
212,372.06,245.7,44.86,192408
214,358.59,254.76,191.46,16811
215,383.73,197.02,178.77,46672
216,468.05,386.31,162.14,15843
217,400.44,253.21,238.79,21680
218,398.35,191.35,170.18,47742
219,395.5,129.4,100.51,1205393
220,374.55,237.4,47.57,221171
222,327.1,368.67,262.64,4876
223,337.78,384.88,155.46,14377
224,467.77,377.91,161.09,18686
225,385.45,273.03,253.64,23324
226,374.26,340.07,122,54125
227,341.69,133.74,115.47,263656
228,374.51,237.82,45.34,41553
229,350.31,257.49,120.58,1169
230,326.95,385.89,252.25,5034
231,340.32,246.88,213.89,1505
232,473.97,357.74,169.99,21845
233,499.96,114.06,188,33437
234,548.83,196.43,187.67,17806
235,387.32,376.04,265.99,25872
236,373.01,240.22,46.62,37648
238,332.04,291.99,225.82,3244
239,378.79,221.36,145.18,102131
240,457.33,364.33,176.84,13233
241,461.15,79.41,176.4,51728
242,347.94,239.69,112.54,169370
243,506.4,164.71,174.38,8963
244,371.24,239.7,46.51,197561
246,394.66,254.77,201.59,24549
247,546.18,175.77,172.79,475336
248,461.57,360.09,176.81,14849
249,535.14,180.17,197.48,1260
250,349.88,201.11,121.67,50868
251,564.23,167.19,174.97,42550
252,529.21,151.64,175.71,42221
254,359.83,81.73,185.25,438428
255,376.55,230.73,138.66,18113
256,466.19,350.91,176.81,32331
257,425.04,106.71,211.78,12327
258,346.82,255.86,108.06,113164
259,480.43,350.9,192.04,6954
260,429.25,384.48,138.01,9079
262,419.03,248.73,149.31,78423
263,348.12,361.13,116.34,2205
264,381.13,218.78,76.78,247406
266,353.42,264.79,120.63,5338
267,362.97,250.87,90.42,1840
268,433.94,372.37,138.77,7572
269,487.2,105.37,215.06,9878
271,413.75,220.48,209.68,4297
272,335.89,354.43,118.83,2251
274,375.79,82.51,187.83,29856
275,347.27,237.08,114,194841
276,498.11,339.64,127.09,238208
278,447.34,333.13,149.24,218434
279,390.18,88.79,191.58,2052
280,359.79,249.5,232.59,1433
281,410.71,45.96,187.48,14351
283,362.67,314.67,219.6,332962
284,485.83,331.44,123.11,185655
286,334.23,374.96,135.51,5381
287,353.95,286.84,124.03,887
288,374.14,228.26,76.44,38590
289,540.52,200.9,186.99,66137
290,384.06,322.99,151.47,401769
291,491.14,329.95,134.33,225690
292,424.04,359.18,144.48,3048
294,368.11,159.01,200.68,309779
295,492.37,326.56,161.17,81525
296,337.59,140.13,123.99,40414
297,346.29,282.71,83.5,80201
298,409.67,362.72,122.87,18493
299,395.5,129.4,100.51,1205393
300,450.91,230.53,172.87,22618
302,358.11,115.8,203.12,129903
303,487.65,320.58,155.05,44837
304,340.55,165.09,79.35,22952
305,448.09,114.78,195.67,13172
306,346.29,282.71,83.5,80201
307,347.04,373.38,242.91,39927
308,439.49,104.21,176.42,36461
310,345.95,213.26,129.32,20100
311,500.72,322.51,171.67,24092
312,537.86,276.5,164.56,12164
313,370.82,197.6,202.53,1812509
314,515.38,278.45,132.61,13144
315,451.77,149.63,138.74,6991141
316,450.91,230.53,172.87,22618
318,335.29,279.35,236.2,814
319,470.2,351.73,156.54,63279
320,428.99,121.33,101.05,95070
321,448.13,254.33,174.67,1476
322,470.32,134.87,130.85,1908846
323,367.1,206.82,197.32,1082192
324,481.71,341.79,191.02,6085
325,420.59,213.08,187.78,4189
327,457.1,363.16,144,17151
328,458.18,247.45,83.58,52134
329,503.62,144.29,139.99,648418
330,372.75,92.16,177.61,3758
331,344.08,334.86,177.06,41712
332,361.5,353.77,134,52
333,332.36,243.86,102.55,5371
334,474.8,347.48,161.2,46128
335,534.23,252.21,177.65,9766
336,350.31,257.49,120.58,1169
337,414.35,105.45,129.95,220598
338,327.91,203,138.03,1111
339,377.16,135.93,218.38,416617
340,437.23,110.89,176.1,13251
342,407.94,336.27,120.74,165544
343,377.56,272.29,202.23,6184792
344,524.15,281.68,132.24,18150
345,477.06,170.67,102.63,155038
346,493.6,145.95,120.45,43052
347,336.43,349.23,139.56,7466
348,365.25,267.08,199.68,86016
350,375.97,263.78,226.78,1554
351,370.83,299.36,123.77,89722
352,381.13,218.78,76.78,247406
353,503.37,198.49,107.53,92384
354,384.04,327.22,251.99,1403888
355,530.64,283.79,131.23,70473
356,391.34,317.42,159.49,665
357,350.31,257.49,120.58,1169
358,364.88,253.47,226.73,3606
359,372.1,301.91,120,48657
360,344.98,252.6,87.11,5940
361,439.89,90.01,153.21,279045
362,349.06,229.53,152.62,53875
363,349.9,172.16,82.68,24374
364,382.87,319.55,167.64,3121
366,346.78,278.9,151.1,9733
367,369.29,296.35,128.23,41065
368,531.06,248.83,179.66,3989
369,453.63,127.27,121.88,348261
370,370.97,329.63,251.6,762162
371,478.79,333.81,194.15,1798
372,400.64,234.04,251.46,465
374,393.46,276.15,188.62,21230
375,450.68,192.57,175.79,822155
376,470.3,372.45,164.83,56374
377,467,134.6,214.27,6768
378,532.53,208.79,133.73,351661
379,327.48,364.92,243.23,20863
381,400.46,290.92,187.66,74450
382,454,179.76,178.97,483607
383,463.13,356.11,176.82,60413
384,350.31,257.49,120.58,1169
385,454.36,89.21,201.61,351648
386,416.72,308.11,252.5,278573
387,536.48,269.67,197.83,416813
390,392.78,367.62,136.68,2010
391,449.73,190.3,180.28,123914
392,433.23,375.32,138.5,21737
393,464.97,138.86,212.35,890
394,410.38,68.43,187.38,99526
395,368.16,342.83,272.34,39731
398,393.06,366.24,218.26,48797
399,442.3,154.39,175.28,100975
400,487.05,384.84,162.01,31879
401,412.47,64.66,187.88,9539
402,503.9,108.55,188.03,114605
403,435.2,340.2,155.47,85287
406,388.3,254.36,177.09,16657
407,477.93,197.58,182.99,104881
408,487.41,393.54,161.68,12314
409,507.2,128.67,205.03,50223
411,434.36,338.28,149.41,36946
412,408.96,229.87,76.6,38821
413,350.31,257.49,120.58,1169
414,341.38,277.2,165.79,3680
415,448.73,175.77,177.58,153837
416,485.33,386.18,160.26,9044
418,429.36,360.31,155.5,21408
419,480.79,345.01,191.89,14890
421,524.63,111.23,205,5639
422,401.58,247.88,180.3,12977
423,441.18,161.06,166.12,38838
424,488.08,373.52,163.89,10521
425,480.67,117.37,215.01,37668
426,445.54,322.88,163.38,21951
427,546.48,202.11,198.35,60274
429,416.06,320.99,272.81,19501
430,350.26,95.09,182.86,42194
431,441.8,170.39,169.52,9004
432,361.5,353.77,134,52
433,409.77,73.95,187.12,26113
434,361.16,65.04,187.09,43464
435,420.42,344.28,165.5,4982
437,418.65,318.36,261.6,87272
438,450.87,154.58,165.31,10375
439,332.35,310.29,141.44,627
440,399.4,207.59,83,14880
441,405.67,94.26,186.62,6547
442,352.36,59.83,185.58,29468
444,346.06,237.55,153.21,75268
445,419.01,323.1,243.34,31067
446,445.09,160.56,165.96,6917
447,373.18,315.46,147.5,309
448,401.66,229.11,71.45,19010
450,468.1,95.98,120.16,35685
451,493.14,355.6,162.86,12596
452,330.15,319.45,116.05,7962
453,479.94,146.37,131.3,2260507
454,431.54,159.99,164.45,12542
455,357.11,311.29,146.55,1579
456,530.8,182.34,197.51,476
457,457.19,93.79,199.64,725071
458,408.55,379.11,101.83,58373
459,350.31,257.49,120.58,1169
460,370.7,218.64,224.68,4199
461,427.85,122.66,153.61,13191
462,362.67,314.67,219.6,332962
463,446.48,217.32,171.92,299710
464,342.96,318.63,144.5,292
465,404.72,373.97,102.96,54730
467,347.54,337.1,158.1,175388
468,502.76,325.48,200.46,944
469,420.9,104.83,206.47,908
470,403.87,301.47,165.48,12561
471,427.8,160.64,164.68,4168
472,437.44,325.32,163.27,9481
473,410.55,371.36,105.93,44764
475,431.61,221.65,187.27,36170
476,381.13,218.78,76.78,247406
477,426.04,271.22,122.69,2141755
478,407.82,129.73,130.96,55043
479,440.9,209.68,172.06,18574
480,449.97,323.18,162.92,5974
481,388.22,371.25,100.49,11261
483,335.96,191.59,154.29,12125
484,331.18,203.13,72.48,10880
485,443.78,241.98,126.31,1292245
486,448.53,215.61,169.54,106854
487,453.4,319.05,163.95,6496
488,377.79,195.53,87.49,47
489,352.33,306.35,103.58,1846
491,339.43,338.83,178.73,23076
492,381.13,218.78,76.78,247406
493,398.83,342.11,102.55,436235
494,371.35,156.89,188.34,26262
495,442.19,223.8,171.46,89536
496,331.24,247.29,89.07,4028
497,457.19,93.79,199.64,725071
498,365.65,300.27,117.09,16248
500,395.5,129.4,100.51,1205393
501,419.97,85.92,212.64,6814
502,465.49,224.2,195.07,299552
503,371.84,177.19,188.3,51206
504,450.79,217.08,175.93,80578
505,353.74,308.6,123.55,2436
506,350.31,257.49,120.58,1169
507,373.32,243.78,45.78,805686
508,503.43,321.08,200.5,780
509,419.52,141.8,189.08,82502
510,405.28,143.39,130.89,12129
511,344.84,168.43,189.67,12935
512,423.51,198.57,250.29,2832949
513,374,321.75,117.75,1112
515,343.3,355.32,126.64,12623
516,381.13,218.78,76.78,247406
517,514.67,340.78,184.8,59427
518,483.29,255.52,197.35,217047
519,403.9,223.47,250.99,76267
520,531.29,210.95,164.81,27049
521,359.75,325.68,122.9,3617
523,350.47,346.89,123.54,44904
524,335.01,211.72,76.15,4961
525,344.65,322.93,175.69,13468
526,490.47,263.5,215.07,39197
527,557.13,132.8,175.59,17549
528,425.41,195.17,250.39,2352899
529,368.61,338.95,126.62,4202
531,337.07,175.86,176.56,4962
532,459.12,69.34,176.65,28395
533,412.65,91.07,213.76,71401
534,399.42,265.14,226.67,7802
535,347.42,251.43,88.34,17477
536,462.38,312.29,148.62,65325
537,381.5,296.23,119.68,14291
538,350.31,257.49,120.58,1169
539,376.11,233.43,195.51,266298
540,570.63,259.4,177.97,16052
541,546.38,200.03,186.6,209481
542,343.07,93.06,183.34,51134
543,486.94,246.77,215.19,40003
544,465.2,319.85,148.23,26056
545,363.83,69.89,186.38,156032
546,387.2,288.06,119.63,797
548,362,231.24,167.74,46
549,383.93,236.14,157.86,998434
550,489.43,245.14,214.13,150679
551,474.64,296.18,155.27,10304
552,362.67,314.67,219.6,332962
554,380.88,268.46,119.77,3363
555,376.11,233.43,195.51,266298
556,346.71,224.27,86.72,27381
557,354.54,353.47,171.7,2425
558,531.85,186.83,107.62,11008
559,455.4,311.21,146.6,28965
560,446.35,272.38,232.85,2541
561,457.19,93.79,199.64,725071
562,383.69,283.16,123.26,2591
564,332.91,285.17,110.28,29904
565,412.99,92.32,213.04,16072
566,514.67,340.78,184.8,59427
567,444.98,209.9,136.45,14433929
568,370.97,329.63,251.6,762162
569,365.04,265.64,121.88,226
571,335.55,263.75,142.48,76328
572,341.69,133.74,115.47,263656
573,509.91,125.37,205.26,5549
574,343.37,330.54,207.22,39054
575,369.45,212.37,156.96,12299
576,379.35,342.44,233.44,657
577,457.26,118.74,123.69,37065
578,364.04,290.61,127.64,21368
580,426.24,215.48,198.57,5205
581,337.69,221.88,128.52,11792
582,341.09,197.6,72.81,17228
583,474.37,257.84,112.86,54122
584,470.3,372.45,164.83,56374
585,374.08,308.79,129.31,15312
587,335.36,224.35,187.41,4183
588,328.92,139.1,122.07,41655
589,346.29,282.71,83.5,80201
590,366.25,96.82,184.03,40593
591,331.55,263.65,198.45,7231
592,463.13,356.11,176.82,60413
593,457.44,68.53,203.39,45771
594,382.12,302.1,127.95,2505
596,358.52,351.99,109.37,45137
597,346.29,282.71,83.5,80201
598,522.83,209.8,166.81,8019
599,334.55,258.56,153.3,18857
600,547.67,138.69,174.6,39985
601,491.43,125.25,188.66,18727
602,373.73,250.78,127.13,1654
604,337.37,276.08,230.64,6668
605,346.29,282.71,83.5,80201
606,344.8,94.14,181.89,20436
607,452.78,294.18,237.76,77841
608,386.61,237.35,87.69,17683
609,332.35,247.27,168.99,2703
610,365.08,70.83,186.02,49486
612,417.23,271.16,211.96,47941
613,502.76,133.95,205.08,14085
614,374.97,374.77,153.21,22193
615,367.1,206.82,197.32,1082192
616,388.52,206.27,220.82,15084
617,351.1,225.57,154.41,9371
619,433.23,375.32,138.5,21737
620,352.64,191.9,73.93,14263
621,400.52,294.86,225.72,26850
622,365.26,97.39,176.07,3934
623,420.65,278.38,123,2611527
625,449.18,135.35,121.11,92542
626,357.76,226.41,152.73,20016
628,386.23,169.36,183.16,8051
629,380.81,256.19,151.07,54041
630,406.37,219.08,79.78,29763
631,462.93,368.62,164.7,147386
632,420.98,199.23,179.29,73483
633,350.31,257.49,120.58,1169
634,354.14,202.52,176.39,13545
635,461.36,88.84,177.27,17914
636,341.31,233.59,151.85,24488
637,393.57,253.73,156.7,207455
638,475.94,245.67,104.67,25359
639,448.42,386.41,140.5,30580
640,370.97,329.63,251.6,762162
641,350.31,257.49,120.58,1169
642,357.26,371.47,216.06,10993
643,562.89,169.45,197.38,2893
644,395.5,129.4,100.51,1205393
645,366.06,170.2,251.26,927367
646,354.9,253.33,88.44,5669
647,466.57,364,171.03,116787
648,406.29,135.44,104.4,205310
649,486.57,129.99,187.81,6171
651,364.68,292.26,263.05,29999
652,340.97,312.6,139.94,1191
653,345.62,291,235.44,806
654,508.31,196.41,107.88,10517
655,470.3,372.45,164.83,56374
656,378.9,113.02,90.29,102032
657,493.37,155.98,103,41194
658,350.31,257.49,120.58,1169
659,358.98,290.98,266.8,551
660,338.6,318.1,142,125
661,394.43,367.32,237.96,33340
662,458.52,241,102.76,4568
663,463.13,356.11,176.82,60413
664,493.09,229.54,216.48,34203
665,350.31,257.49,120.58,1169
666,335.32,288.7,271.32,1790
667,373.38,169.77,61.57,7042
668,342.91,332.43,155.12,14048
669,457.19,93.79,199.64,725071
670,447.05,73.14,153.56,78280
671,378.2,42.92,193.57,8605
672,443.78,241.98,126.31,1292245
674,343.77,281.68,265.15,1020
675,438.01,248.48,92.96,6684
676,339.65,340.52,159.27,5008
677,538.29,253.88,130.97,98906
678,539.17,146.05,174.78,15949
679,332.93,289.27,208.69,28665
680,375.85,197.14,87.49,118
682,374.02,293.16,263.88,12073
683,453.35,96.6,177.17,60247
684,346.16,351.68,160.5,6037
685,364.41,281.82,156.1,33033
686,451.83,180.87,111.43,35072
687,353.03,92.79,182.09,74054
688,450.36,194.77,139.42,11822402
689,368.09,374.72,121.76,1220
691,362.36,292.73,261.07,14565
692,544.59,255.61,176.13,21851
693,351.45,367.64,153.45,23778
694,471.62,278.59,93.32,21316
695,449.17,190.05,139.26,11368384
696,569.64,166.97,197.43,1293
698,422.75,292.68,91.27,2179976
699,380.13,196.03,87.48,29
700,363.46,362.73,139.12,13029
701,380.37,267.91,245.24,126614
702,494.43,202.45,107.5,23801
703,480.71,312.65,143.09,388166
704,491.04,287.98,96.43,10122
705,350.31,257.49,120.58,1169
706,348.15,164.9,176.22,4048
707,330.04,213.37,91.9,11993
708,356.92,341.63,138.35,23273
709,407.41,244.93,159.39,120381
710,350.31,257.49,120.58,1169
711,370.58,277.31,268.87,7755
712,491.89,241.19,213.02,4476
714,381.13,218.78,76.78,247406
715,543.91,279.87,201.34,42094
716,357.1,346.85,139.6,43707
718,418.41,246.66,157.14,48168
719,449.23,166.47,131.65,5522
720,369.88,277.26,269.12,8085
721,455.3,85.91,201.7,44960
723,405.46,223.35,77.5,102521
724,346.92,335.32,144.39,7405
725,390.02,264.32,166.01,3640
726,423.33,199.69,180.83,314354
727,486.64,241.75,210.34,10329
729,527.97,206.79,183.96,32527
731,344.64,197.41,74,54122
732,326.58,340.34,174.95,1077
733,400.61,242.68,160.62,68573
734, NaN,284,203,1
735,573.78,164.53,174.95,19147
738,381.13,218.78,76.78,247406
739,341.69,133.74,115.47,263656
740,343.83,351.46,122.22,361
741,363.14,261.49,166.21,7821
742, NaN,284,203,1
743,485.93,229.07,209.7,20747
746,374.84,226.35,77.63,90763
747,342.36,245.95,81.18,4291
748,347.98,356.69,127.12,5254
749,358.45,289.45,183.33,41810
750,492.91,100.99,216.24,4790
751, NaN,284,203,1
754,405.91,374.13,103.2,170976
755,570.53,203.33,166.82,33659
756,339.44,355.17,126.97,6573
757,341.17,253.91,219.89,2715
758, NaN,284,203,1
759,556.28,172.51,197.32,1115
761,349.61,365.44,145.61,1039
763,328.96,356.27,112.97,639
764,541.92,278.38,200.44,45352
765,408.33,288.05,247.89,2801
766,423.33,199.69,180.83,314354
767,371.17,126.51,96.95,163527
769,349.59,366.86,154.76,6930
771,383.58,311.31,216.6,1147590
772,346.69,144.2,123.69,33862
773,336.43,313.86,268.1,12816
774,382.9,63.23,192.77,13862
775,423.33,199.69,180.83,314354
777,339.76,357.96,152.9,5828
778,452.71,96.79,201.6,93974
780,453.02,334.3,176.27,19681
781,416.89,252.94,247.12,1065
782,423.33,199.69,180.83,314354
783,449.56,243.37,93.77,11718
785,359.88,374.05,153.68,9981
786,525.04,207.53,184.97,10836
788,487.05,384.84,162.01,31879
789,416.72,308.11,252.5,278573
790,423.33,199.69,180.83,314354
791,546.43,175.1,197.58,3780
793,500.25,142.5,116.94,18994
794,350.31,257.49,120.58,1169
795,342.84,194.22,204.77,243065
796,396.33,284.02,164.11,112123
797,396.33,284.02,164.11,112123
798,350.31,257.49,120.58,1169
799,423.33,199.69,180.83,314354
800,453.44,266.74,93.33,17734
801,457.19,93.79,199.64,725071
803,397.53,311,124.44,469772
804,380.28,274.74,172.94,3838
805,398.11,79.71,214.68,12412
806,549.43,203.31,133.72,86174
807,423.33,199.69,180.83,314354
809,370.66,299.24,123.77,90609
810,355.51,151.96,119.52,16639
811,376.9,133.95,229.04,75475
814,347.42,251.43,88.34,17477
815,423.33,199.69,180.83,314354
816,555.27,173.23,176.59,18905
818,439.1,273.14,140.68,108293
819,361.46,152.3,119.85,3575
820,352.37,110.66,230.27,51370
821,457.22,77,202.34,96462
822,494.04,241.32,201.02,1053611
823,423.33,199.69,180.83,314354
826,347.34,311.31,112.28,86833
827,352.99,216.83,88.05,27890
828,399.75,154.53,223.36,142909
829,417.5,156.32,189.37,12194
830,343.04,338.68,157.24,25093
831,461.19,256.92,102.94,843
832,350.31,257.49,120.58,1169
834,355.82,109.52,203.43,42485
835,408.11,338.93,120.95,184037
836,561.37,209.87,195.07,37970
837,411.32,147.53,187.56,14283
838,519.97,190.53,107.56,26698
839,342.27,298.23,270.15,3470
840,350.31,257.49,120.58,1169
841,350.31,257.49,120.58,1169
842,357.73,115.27,203.22,61755
843,463.24,234.05,210.48,55755
844,393.44,145.35,110.26,140477
845,422.03,137.18,189.4,56025
846,443.96,240.02,246.09,17318
847,542.91,176.5,175.83,47668
848,350.31,257.49,120.58,1169
849,503.62,247.98,126.63,3784
851,362.9,127.47,202.34,25663
852,393.32,315.26,248.48,81948
853,469.36,271.1,195.59,39478
854,463.46,106.82,122.24,95480
856,374.95,231.92,154.84,575273
857,518.03,251.85,130.93,20426
859,361.7,285.07,271.67,1040
860,380.47,223.24,227.47,7181
861,472.98,281.85,192.74,26901
862,509.57,213.66,134.37,76358
864,402.13,243.64,163.78,300609
865,485.59,147.55,124.6,13319
867,396.23,239.33,226.94,44675
868,397.24,226.53,228.54,3487
869,482.58,113.45,215.33,4077
870,488.73,246.74,198.63,150668
872,327.67,218.71,212.99,9358
873,559.6,203.07,132.79,40833
874,427.47,222.45,208.52,3259
875,407.46,239.69,226.99,3645
876,350.31,257.49,120.58,1169
878,501.74,149.34,102.59,17833
879,363.83,69.89,186.38,156032
880,334.12,245.75,228.84,4807
881,393.02,228.03,227.08,24112
882,385.64,149.37,118.54,24892
883,392.1,216.28,225,4976
885,350.31,257.49,120.58,1169
886,352.14,94.17,182.73,232345
887,370.97,329.63,251.6,762162
888,558.57,259.34,175.98,23093
889,475.9,210.48,107.33,16725
890,388.85,248.26,228.96,12502
891,398.58,239.54,227.68,4823
893,497.71,220.43,132.03,19363
894,383.14,60.92,193.47,50051
895,541.52,207.07,195.59,187203
897,560.43,257.17,131.78,16821
898,348.52,254.36,232.04,32874
899,412.2,250.58,232.25,1426
900,350.31,257.49,120.58,1169
901,350.31,257.49,120.58,1169
902,478.23,124.21,214.99,11265
903,391.6,270.83,265.6,12370
904,348.85,325.36,109.73,75041
905,512.72,97.78,188.01,29677
906,389.09,78.34,194.98,11512
907,361.73,244.43,153.87,8729
909,522.67,265.25,201.9,582382
910,364.85,188.88,78,6790
911,350.31,257.49,120.58,1169
912,337.59,233.84,247.55,5302
913,457.19,93.79,199.64,725071
914,353.14,325.39,124.54,188
915,385.69,247.96,228.54,11076
916,350.31,257.49,120.58,1169
918,536.48,269.67,197.83,416813
919,359.59,147.32,107.36,20914
920,354.43,175.53,238.7,241854
921,471.98,166.28,113.83,49143
922,552.44,256.77,176.86,74751
923,388.85,248.26,228.96,12502
926,489.43,245.14,214.13,150679
927,365.76,150.22,116.74,3684
928,379.98,147.39,247.11,366397
929,463.65,217.06,107.12,3635
930,355.6,227.75,167.91,26631
931,360.28,354.49,198.12,50769
933,350.31,257.49,120.58,1169
934,480.79,345.01,191.89,14890
935,330.45,106.78,109.47,30223
936,365.93,134.09,266.93,137469
937,457.19,93.79,199.64,725071
938,375.79,357.15,251.29,49217
939,392.33,356.41,259.04,1840
942,479.05,309.81,128.74,137386
943,423.47,129.84,99.5,215628
944,350.73,172.66,273.56,9068
945,440.82,155.36,122.2,73106
946,338.74,304.33,169.34,42030
947,395.5,129.4,100.51,1205393
948,350.31,257.49,120.58,1169
949,350.31,257.49,120.58,1169
950,484.9,167.62,102.8,15590
951,349.11,220.74,270.93,21873
952,475.31,301.56,122.83,108405
953,342.75,195.36,157.14,27961
954,526.85,184.29,172.93,27186
955,385.27,375.81,266.07,23963
957,352.23,237.27,268.38,78806
958,342.75,195.36,157.14,27961
959,580,204.22,166.06,19135
961,492.18,333.93,128.47,649553
962,377.58,116.99,92.08,167354
963,412.9,378.89,264.94,1909
965,380.35,51.29,193.13,14020
966,493.16,340.64,150.84,28981
967,350.31,257.49,120.58,1169
968,355.44,249.55,257.92,66598
969,359.33,222.56,69.51,18390
970,339.99,300.16,248.06,10936
972,344.52,168.91,82.08,91461
973,517.33,118.11,205.06,13493
974,471.02,175.99,102.39,42820
975,326.8,233.17,192.56,2498
976,346.98,199.53,233.76,81510
977,522.11,210.41,192.7,25428
978,385.91,373.43,252.21,38281
980,350.32,345.94,169.24,3989
981,526.77,122.41,139.41,64390
982,331.98,148.34,162.62,4274
984,358.15,163.33,241.22,160344
985,411.52,134.25,104.11,681377
987,362.67,314.67,219.6,332962
988,532.94,206.39,195.68,56753
989,371.26,212.18,255.16,25028
990,560.91,205.28,166.44,16524
992,379.98,147.39,247.11,366397
993,374.47,123.08,95.83,524016
995,370.97,329.63,251.6,762162
996,469.52,256.65,83.34,25638
997,423.93,224.45,166.63,25001005
998,441.29,333.66,122.86,21155
999,548.61,276.03,170.1,9364
1001,379.98,147.39,247.11,366397
1002,549.44,174.1,175.05,164110
1004,355.29,363.07,167.57,4742
1005,519.22,186.03,174.71,8654
1006,448.38,61.09,153.96,28435
1007,441,154.72,241.76,333075
1008,432.95,210.21,179.95,68977
1009,349.76,258.41,122.07,1210
1010,539.43,253.4,129.15,10486
1011,534.07,148,174.64,152427
1014,450.27,229.53,173.24,28901
1015,348.69,130.5,106.97,34771
1016,350.31,257.49,120.58,1169
1017,470.04,181.72,256.91,504192
1018,554.59,206.41,166.56,147982
1020,392.07,220.49,165.56,51348
1021,369.4,139.17,105.48,82779
1022,439.88,270.92,139.47,91837
1023,548.87,206.72,167.67,43596
1025,445.9,234.33,267.27,129131
1026,435.16,167.85,122.37,14383
1027,552.61,173.26,197.47,10817
1029,410.48,221.81,184.62,6329
1030,423.16,71.56,128.85,20708
1031,434.68,285.54,147.48,16456
1033,427.75,243.99,264.95,117217
1034,337.03,268.52,82.26,16554
1035,537.91,207.15,133.33,42041
1037,426.21,146.26,207.7,51155
1038,484.02,165.32,140.85,130262
1039,354.01,276.11,275,330
1041,511.82,292.14,237.02,234960
1042,345.81,269.26,83.15,20502
1044,433.56,248.7,188.5,4817
1045,530.53,228.69,184.15,6778
1046,407.18,86.52,186.92,18977
1047,507.78,142.03,139.19,86171
1048,350.46,339.69,250.32,146921
1049,497.99,287.22,232.13,106954
1050,351.92,268.81,86.4,17430
1052,388.55,248.8,213.59,24614
1053,341.69,133.74,115.47,263656
1054,364.33,214.12,87.61,22169
1056,470.19,174.13,251.19,210845
1057,497.72,249.16,103.88,116581
1058,532.85,254.05,132.13,25043
1059,354.98,255.52,92.82,5816
1061,354.29,173.93,177.81,2796
1062,474.73,171.47,142.72,25106
1064,469.93,187.18,261.02,293347
1065,383.89,320.07,236.07,2551478
1066,413.84,56,187.99,23999
1067,342.47,332.71,79.12,8803
1069,354.18,390.84,242.52,4480
1070,496.29,150.41,140.2,154949
1072,428.59,207.95,186.93,9422
1073,466.39,211.41,249.83,1425532
1074,518.43,90.32,187.98,14109
1075,348.79,327.34,79.47,7310
1076,350.31,257.49,120.58,1169
1077,346.8,295.26,150.1,1046
1079,436.91,224.48,188.12,19259
1080,442.39,194.3,176.99,1143656
1081,362.77,206.09,92.84,5015
1082,350.8,320.93,81.09,3785
1084,447.15,186.65,207.28,64767
1085,369.4,141.7,121.22,8324
1086,442.56,85.01,153.02,30375
1088,421.85,231.6,185.54,7489
1089,467.33,216.85,188.52,2197267
1090,526.92,210.84,134.18,86884
1091,379.98,147.39,247.11,366397
1093,364.02,318.89,224.75,168559
1094,417.88,93.86,130.61,19158
1096,360.3,255.82,140.55,17982
1097,364.61,332.56,150.48,822371
1098,387.52,315.45,273,11223
1100,373.13,191.43,178.51,80074
1101,450.96,240.12,87.54,32038
1102,452.15,189.85,102.51,31487
1104,361.2,272.31,140.09,4922
1105,469.88,336.13,148.3,11900
1106,550.22,254.28,130.68,22346
1107,360.49,353.61,272.07,28508
1109,357.24,320.99,118.16,1231
1110,350.09,324.38,175.38,9413
1111,436.2,96.43,153.42,72877
1113,348.01,246.85,139.67,3711
1114,505.7,104.31,187.39,12484
1116,350.31,257.49,120.58,1169
1117,364.26,296.17,212.17,221755
1118,331.88,319.57,176.41,4055
1120,334.07,268.51,139.21,2229
1121,550.25,283.24,197.61,79304
1124,343.15,344.67,134.82,116240
1125,381.45,214.15,78.66,15982
1126,334.31,348.78,167.59,875
1127,556.24,194.76,188.45,49648
1128,413.37,109.9,129.33,63092
1129,375.4,279.69,154.53,1820805
1131,350.31,257.49,120.58,1169
1132,410.62,299.62,220.91,211648
1133,487.42,322.66,196,53
1139,439.22,363.35,138.95,5086
1140,519.7,352.18,185.13,20175
1141,514.67,340.78,184.8,59427
1142,512.09,334.92,184.63,39252
1143,425.41,195.17,250.39,2352899
1144,425.41,195.17,250.39,2352899
1145,425.41,195.17,250.39,2352899
10671,364.61,332.56,150.48,822371
10672,442.82,156.17,241.59,148431
10673,441,154.72,241.76,333075
10674,439.53,153.56,241.9,184644
10675,468.94,173.03,251.71,133350
10676,470.19,174.13,251.19,210845
10677,472.32,176.04,250.29,77495
10678,469.26,182.95,259.46,182975
10679,469.93,187.18,261.02,293347
10680,471.03,194.18,263.6,110372
10681,447.11,233.77,266.65,73636
10682,445.9,234.33,267.27,129131
10683,444.29,235.07,268.09,55495
10684,434.32,244.05,263.98,73409
10685,232,214.2,262,5
10686,416.85,243.91,266.57,43803
10687,512.48,292.3,236.74,131532
10688,511.82,292.14,237.02,234960
10689,511,291.93,237.37,103428
10690,505.35,289.1,234.16,72150
10691, NaN,290,232,1
10692,482.92,283.3,227.93,34803
10693,463.24,234.05,210.48,55755
10694,458.26,232.95,210.97,41204
10695,477.56,237.19,209.09,14551
10696,428.48,160.27,208.87,14898
10697,449.83,164.26,221.56,468
10698,424.95,140.19,207.03,35789
10699,447.15,186.65,207.28,64767
10700,444.37,192.5,207.02,43673
10701,452.8,174.54,207.82,21094
10702,423.33,199.69,180.83,314354
10703,417.06,187.51,179.52,178931
10704,439.68,235.4,186.46,61939
10705,338.84,230.59,247.15,2328
10706,337.59,233.84,247.55,5302
10707,336.61,236.4,247.86,2974
10708,346.89,200.71,234.38,39391
10709,346.98,199.53,233.76,81510
10710,346.55,198.43,233.18,42119
10711,358.98,166.19,241.78,83189
10712,358.15,163.33,241.22,160344
10713,357.93,160.26,240.62,77155
10714,379.98,147.39,247.11,366397
10715,379.98,147.39,247.11,366397
10716,379.98,147.39,247.11,366397
10717,379.98,147.39,247.11,366397
10718,379.98,147.39,247.11,366397
10719,379.98,147.39,247.11,366397
10720,377.38,147.13,248,171291
10721,379.98,147.39,247.11,366397
10722,382.27,147.62,246.32,195106
10723,365.75,135.18,267.54,68218
10724,365.93,134.09,266.93,137469
10725,366.11,133.03,266.32,69251
10726,348.53,170.6,273.34,4622
10727,350.73,172.66,273.56,9068
10728,353.03,174.81,273.83,4445
10729,348.43,204.41,269.97,12471
10730,349.11,220.74,270.93,21873
10731,349.43,242.4,272.2,9402
10732,352.64,228.66,269.01,41206
10733,352.23,237.27,268.38,78806
10734,351.77,246.71,267.7,37600
10735,356.16,245.66,257.57,33688
10736,355.44,249.55,257.92,66598
10737,355.46,253.54,258.28,32910
12993,479.94,146.37,131.3,2260507
12994,479.94,146.37,131.3,2260507
12995,479.94,146.37,131.3,2260507
12996,479.94,146.37,131.3,2260507
12997,479.94,146.37,131.3,2260507
12998,479.94,146.37,131.3,2260507
